Handle,Title,Body (HTML),Vendor,Product Category,Type,Tags,Published,Option1 Name,Option1 Value,Option1 Linked To,Option2 Name,Option2 Value,Option2 Linked To,Option3 Name,Option3 Value,Option3 Linked To,Variant SKU,Variant Grams,Variant Inventory Tracker,Variant Inventory Qty,Variant Inventory Policy,Variant Fulfillment Service,Variant Price,Variant Compare At Price,Variant Requires Shipping,Variant Taxable,Variant Barcode,Image Src,Image Position,Image Alt Text,Gift Card,SEO Title,SEO Description,Farbe (product.metafields.shopify.color-pattern),Variant Image,Variant Weight Unit,Variant Tax Code,Cost per item,Status
unbenannt-8-okt-_23-44,Unbenannt 8.Okt._23:44,,Palessi,,"","",false,Title,Default Title,,,,,,,,,0.0,shopify,0,deny,manual,0.00,,true,true,,,,,false,,,,,kg,,,draft
unbenannt-8-okt-_21-24,Unbenannt 8.Okt._21:24,,Palessi,,"","",false,Title,Default Title,,,,,,,,,0.0,shopify,0,deny,manual,0.00,,true,true,,,,,false,,,,,kg,,,draft
chanel-timeless,Chanel Timeless,"",Palessi,"Apparel & Accessories > Handbags, Wallets & Cases > Handbags > Shoulder Bags","","",true,Farben,creme,product.metafields.shopify.color-pattern,,,,,,,,0.0,shopify,50,deny,manual,49.99,,true,true,,https://cdn.shopify.com/s/files/1/0929/2965/5157/files/E18BB1C6-05D9-4A9E-8298-4276D75726B0.png?v=1759951345,1,"",false,,,creme; rot; schwarz; weiss,https://cdn.shopify.com/s/files/1/0929/2965/5157/files/E18BB1C6-05D9-4A9E-8298-4276D75726B0.png?v=1759951345,kg,,,active
chanel-timeless,,,,,,,,,rot,,,,,,,,,0.0,shopify,0,deny,manual,49.99,,true,true,,https://cdn.shopify.com/s/files/1/0929/2965/5157/files/2E65EDF7-0212-4D25-A9EC-81E8BF394656.png?v=1759951346,2,"",,,,,https://cdn.shopify.com/s/files/1/0929/2965/5157/files/86F8A938-A118-45CE-BFDC-C1CCAADE883A.png?v=1759951346,kg,,,
chanel-timeless,,,,,,,,,schwarz,,,,,,,,,0.0,shopify,50,deny,manual,49.99,,true,true,,https://cdn.shopify.com/s/files/1/0929/2965/5157/files/86F8A938-A118-45CE-BFDC-C1CCAADE883A.png?v=1759951346,3,"",,,,,https://cdn.shopify.com/s/files/1/0929/2965/5157/files/2E65EDF7-0212-4D25-A9EC-81E8BF394656.png?v=1759951346,kg,,,
chanel-timeless,,,,,,,,,weiss,,,,,,,,,0.0,shopify,50,deny,manual,49.99,,true,true,,https://cdn.shopify.com/s/files/1/0929/2965/5157/files/6B9302D4-EA97-4558-98C1-C25196B91C0B.png?v=1759951345,4,"",,,,,https://cdn.shopify.com/s/files/1/0929/2965/5157/files/6B9302D4-EA97-4558-98C1-C25196B91C0B.png?v=1759951345,kg,,,
dior-lady-dior-tasche,Dior Lady Dior Tasche,"",Palessi,"Apparel & Accessories > Handbags, Wallets & Cases > Handbags","","",true,Farben,schwarz,product.metafields.shopify.color-pattern,,,,,,,,0.0,shopify,49,deny,manual,49.99,,true,true,,https://cdn.shopify.com/s/files/1/0929/2965/5157/files/AD058608-D722-43EC-9F53-ABECEE0C11F9.png?v=1759951130,1,"",false,,,schwarz; rosa; beige-1; weiss,https://cdn.shopify.com/s/files/1/0929/2965/5157/files/AD058608-D722-43EC-9F53-ABECEE0C11F9.png?v=1759951130,kg,,,active
dior-lady-dior-tasche,,,,,,,,,rosa,,,,,,,,,0.0,shopify,50,deny,manual,49.99,,true,true,,https://cdn.shopify.com/s/files/1/0929/2965/5157/files/0253B1B3-868D-413A-ADB8-897D357ECC3F.png?v=1759951130,2,"",,,,,https://cdn.shopify.com/s/files/1/0929/2965/5157/files/3A15CB55-2C52-4F3D-A362-668B36EF53A2.png?v=1759951129,kg,,,
dior-lady-dior-tasche,,,,,,,,,beige-1,,,,,,,,,0.0,shopify,50,deny,manual,49.99,,true,true,,https://cdn.shopify.com/s/files/1/0929/2965/5157/files/3A15CB55-2C52-4F3D-A362-668B36EF53A2.png?v=1759951129,3,"",,,,,https://cdn.shopify.com/s/files/1/0929/2965/5157/files/D5FBC90B-02C1-4F0D-9D90-A82C54535375.png?v=1759951130,kg,,,
dior-lady-dior-tasche,,,,,,,,,weiss,,,,,,,,,0.0,shopify,50,deny,manual,49.99,,true,true,,https://cdn.shopify.com/s/files/1/0929/2965/5157/files/D5FBC90B-02C1-4F0D-9D90-A82C54535375.png?v=1759951130,4,"",,,,,https://cdn.shopify.com/s/files/1/0929/2965/5157/files/0253B1B3-868D-413A-ADB8-897D357ECC3F.png?v=1759951130,kg,,,
gucci-gg-emblem-shopper,Gucci GG Emblem Shopper,"",Palessi,"Apparel & Accessories > Handbags, Wallets & Cases > Handbags > Shopper Bags","","",true,Farben,basic-braunes-logo,product.metafields.shopify.color-pattern,,,,,,,,0.0,shopify,49,deny,manual,59.99,85.99,true,true,,https://cdn.shopify.com/s/files/1/0929/2965/5157/files/A4315687-F591-4953-AA1C-BFFC69A4470E.png?v=1759950845,1,"",false,,,basic-braunes-logo; weiss; rosa,https://cdn.shopify.com/s/files/1/0929/2965/5157/files/A4315687-F591-4953-AA1C-BFFC69A4470E.png?v=1759950845,kg,,,active
gucci-gg-emblem-shopper,,,,,,,,,weiss,,,,,,,,,0.0,shopify,50,deny,manual,59.99,85.99,true,true,,https://cdn.shopify.com/s/files/1/0929/2965/5157/files/CB709FAC-BFAA-4AAC-A5D6-8B464EE924B1.png?v=1759950845,2,"",,,,,https://cdn.shopify.com/s/files/1/0929/2965/5157/files/CB709FAC-BFAA-4AAC-A5D6-8B464EE924B1.png?v=1759950845,kg,,,
gucci-gg-emblem-shopper,,,,,,,,,rosa,,,,,,,,,0.0,shopify,50,deny,manual,59.99,85.99,true,true,,https://cdn.shopify.com/s/files/1/0929/2965/5157/files/49849806-20E9-458D-ABB2-3B63BEE6D275.png?v=1759950845,3,"",,,,,https://cdn.shopify.com/s/files/1/0929/2965/5157/files/49849806-20E9-458D-ABB2-3B63BEE6D275.png?v=1759950845,kg,,,
gucci-ophidia,Gucci Ophidia,"",Palessi,"Apparel & Accessories > Handbags, Wallets & Cases > Handbags > Shoulder Bags","","",true,Farben,basic-braunes-logo,product.metafields.shopify.color-pattern,,,,,,,,0.0,shopify,48,deny,manual,39.99,,true,true,,https://cdn.shopify.com/s/files/1/0929/2965/5157/files/AA8A258C-6C2B-489F-BD6D-F92EECB3D302.png?v=1759950659,1,"",false,,,basic-braunes-logo; rosa,https://cdn.shopify.com/s/files/1/0929/2965/5157/files/AA8A258C-6C2B-489F-BD6D-F92EECB3D302.png?v=1759950659,kg,,,active
gucci-ophidia,,,,,,,,,rosa,,,,,,,,,0.0,shopify,49,deny,manual,39.99,,true,true,,https://cdn.shopify.com/s/files/1/0929/2965/5157/files/8D684A47-72AC-492A-B932-C9D9648B3361.png?v=1759950658,2,"",,,,,https://cdn.shopify.com/s/files/1/0929/2965/5157/files/8D684A47-72AC-492A-B932-C9D9648B3361.png?v=1759950658,kg,,,
ysl-crossbody-bag,YSL Crossbody Bag,"",Palessi,"Apparel & Accessories > Handbags, Wallets & Cases > Handbags > Cross Body Bags","","",true,Title,Default Title,,,,,,,,,0.0,shopify,50,deny,manual,45.99,55.95,true,true,,https://cdn.shopify.com/s/files/1/0929/2965/5157/files/462E535C-4337-46F8-9AE2-07402E6DE56D.png?v=1759950529,1,"",false,,,,,kg,,,active
ysl-shoulder-bag,YSL shoulder bag,"",Palessi,"Apparel & Accessories > Handbags, Wallets & Cases > Handbags > Shoulder Bags","","",true,Title,Default Title,,,,,,,,,0.0,shopify,50,deny,manual,49.99,,true,true,,https://cdn.shopify.com/s/files/1/0929/2965/5157/files/23E0F835-0FEE-4F56-AE36-21D13A4DEDCE.png?v=1759950458,1,"",false,,,,,kg,,,active
ysl-shopper,YSL Shopper,"",Palessi,"Apparel & Accessories > Handbags, Wallets & Cases > Handbags > Shopper Bags","","",true,Title,Default Title,,,,,,,,,0.0,shopify,50,deny,manual,67.99,,true,true,,https://cdn.shopify.com/s/files/1/0929/2965/5157/files/C52D3419-2699-43E7-9670-E39BAFA6982C.png?v=1759950392,1,"",false,,,,,kg,,,active
coach-lana-shoulder-bag,Coach Lana Shoulder Bag,"",Palessi,"Apparel & Accessories > Handbags, Wallets & Cases > Handbags > Shoulder Bags","","",true,Farben,schwarz,product.metafields.shopify.color-pattern,,,,,,,,0.0,shopify,50,deny,manual,34.99,,true,true,,https://cdn.shopify.com/s/files/1/0929/2965/5157/files/9D48C2EE-A576-4C55-9BE7-C4EC9FF69711.png?v=1759950280,1,"",false,,,schwarz; basic-braunes-logo; creme,https://cdn.shopify.com/s/files/1/0929/2965/5157/files/9D48C2EE-A576-4C55-9BE7-C4EC9FF69711.png?v=1759950280,kg,,,active
coach-lana-shoulder-bag,,,,,,,,,basic-braunes-logo,,,,,,,,,0.0,shopify,50,deny,manual,34.99,,true,true,,https://cdn.shopify.com/s/files/1/0929/2965/5157/files/AD227EFF-47FE-4D25-A80B-25B8F4B7C711.png?v=1759950281,2,"",,,,,https://cdn.shopify.com/s/files/1/0929/2965/5157/files/AD227EFF-47FE-4D25-A80B-25B8F4B7C711.png?v=1759950281,kg,,,
coach-lana-shoulder-bag,,,,,,,,,creme,,,,,,,,,0.0,shopify,50,deny,manual,34.99,,true,true,,https://cdn.shopify.com/s/files/1/0929/2965/5157/files/AB3A3862-C22C-4FAE-B829-D6B09B3DE440.png?v=1759950281,3,"",,,,,https://cdn.shopify.com/s/files/1/0929/2965/5157/files/AB3A3862-C22C-4FAE-B829-D6B09B3DE440.png?v=1759950281,kg,,,
coach-tabby-bag,Coach Tabby Bag,"",Maison Palessi,"Apparel & Accessories > Handbags, Wallets & Cases > Handbags > Shoulder Bags","","",true,Farben,basic-braunes-logo,product.metafields.shopify.color-pattern,,,,,,,,0.0,shopify,43,deny,manual,39.99,,true,true,,https://cdn.shopify.com/s/files/1/0929/2965/5157/files/6A84B1A6-B6AF-4EF8-B0A3-D2A93BD9AFB2.png?v=1759950002,1,"",false,,,basic-braunes-logo; schwarz; weiss; rot,https://cdn.shopify.com/s/files/1/0929/2965/5157/files/6A84B1A6-B6AF-4EF8-B0A3-D2A93BD9AFB2.png?v=1759950002,kg,,,active
coach-tabby-bag,,,,,,,,,schwarz,,,,,,,,,0.0,shopify,50,deny,manual,39.99,,true,true,,https://cdn.shopify.com/s/files/1/0929/2965/5157/files/8B00C04A-38BF-4950-91AE-669A33203547.png?v=1759950003,2,"",,,,,https://cdn.shopify.com/s/files/1/0929/2965/5157/files/8B00C04A-38BF-4950-91AE-669A33203547.png?v=1759950003,kg,,,
coach-tabby-bag,,,,,,,,,weiss,,,,,,,,,0.0,shopify,49,deny,manual,39.99,,true,true,,https://cdn.shopify.com/s/files/1/0929/2965/5157/files/CCB4ACBA-D122-4642-A04F-223E92E971B4.png?v=1759950003,3,"",,,,,https://cdn.shopify.com/s/files/1/0929/2965/5157/files/CCB4ACBA-D122-4642-A04F-223E92E971B4.png?v=1759950003,kg,,,
coach-tabby-bag,,,,,,,,,rot,,,,,,,,,0.0,shopify,49,deny,manual,39.99,,true,true,,https://cdn.shopify.com/s/files/1/0929/2965/5157/files/7DFC939A-96E5-43A3-AA84-097ED58DF428.png?v=1759950002,4,"",,,,,https://cdn.shopify.com/s/files/1/0929/2965/5157/files/7DFC939A-96E5-43A3-AA84-097ED58DF428.png?v=1759950002,kg,,,
prada-re-edition-2005-mini-bag,Prada Re-Edition 2005 Mini Bag,"",Maison-Palessi Atelier,"Apparel & Accessories > Handbags, Wallets & Cases > Handbags > Shoulder Bags","","",true,Farben,schwarz,product.metafields.shopify.color-pattern,,,,,,,,0.0,shopify,50,deny,manual,45.95,79.99,true,true,,https://cdn.shopify.com/s/files/1/0929/2965/5157/files/5610A87A-D11D-4633-95BA-7EA573C1363F.png?v=1759949689,1,"",false,,,schwarz; beige-1; rosa,https://cdn.shopify.com/s/files/1/0929/2965/5157/files/5610A87A-D11D-4633-95BA-7EA573C1363F.png?v=1759949689,kg,,,active
prada-re-edition-2005-mini-bag,,,,,,,,,beige-1,,,,,,,,,0.0,shopify,50,deny,manual,45.95,79.99,true,true,,https://cdn.shopify.com/s/files/1/0929/2965/5157/files/4DED7C61-9F42-4DE9-9461-7E36B9E46AC0.png?v=1759949689,2,"",,,,,https://cdn.shopify.com/s/files/1/0929/2965/5157/files/4DED7C61-9F42-4DE9-9461-7E36B9E46AC0.png?v=1759949689,kg,,,
prada-re-edition-2005-mini-bag,,,,,,,,,rosa,,,,,,,,,0.0,shopify,50,deny,manual,45.95,79.99,true,true,,https://cdn.shopify.com/s/files/1/0929/2965/5157/files/0CB26FDF-C9D7-4310-ABFD-F4FD13D2A320.png?v=1759949689,3,"",,,,,https://cdn.shopify.com/s/files/1/0929/2965/5157/files/0CB26FDF-C9D7-4310-ABFD-F4FD13D2A320.png?v=1759949689,kg,,,
louis-vuitton-felicie-pochette,Louis Vuitton Félicie Pochette,"",Mein Shop,"Apparel & Accessories > Handbags, Wallets & Cases > Handbags > Cross Body Bags","","",true,Farben,braunes-muster,product.metafields.shopify.color-pattern,,,,,,,,0.0,shopify,50,deny,manual,59.99,,true,true,,https://cdn.shopify.com/s/files/1/0929/2965/5157/files/2D321C28-5B11-4E73-A813-8E1475587B4B.png?v=1759948852,1,"",false,,,braunes-muster; schwarzes-muster; beiges-muster; grau-weiss-kariert,https://cdn.shopify.com/s/files/1/0929/2965/5157/files/5ED0FFC0-FFEE-4886-9621-25335EE34FC2.webp?v=1759948631,kg,,,active
louis-vuitton-felicie-pochette,,,,,,,,,schwarzes-muster,,,,,,,,,0.0,shopify,50,deny,manual,59.99,,true,true,,https://cdn.shopify.com/s/files/1/0929/2965/5157/files/5ED0FFC0-FFEE-4886-9621-25335EE34FC2.webp?v=1759948631,2,"",,,,,https://cdn.shopify.com/s/files/1/0929/2965/5157/files/2D321C28-5B11-4E73-A813-8E1475587B4B.png?v=1759948852,kg,,,
louis-vuitton-felicie-pochette,,,,,,,,,beiges-muster,,,,,,,,,0.0,shopify,50,deny,manual,59.99,,true,true,,https://cdn.shopify.com/s/files/1/0929/2965/5157/files/B59D327F-ED2D-444C-BE01-1DD266629389.webp?v=1759948631,3,"",,,,,https://cdn.shopify.com/s/files/1/0929/2965/5157/files/B59D327F-ED2D-444C-BE01-1DD266629389.webp?v=1759948631,kg,,,
louis-vuitton-felicie-pochette,,,,,,,,,grau-weiss-kariert,,,,,,,,,0.0,shopify,50,deny,manual,59.99,,true,true,,https://cdn.shopify.com/s/files/1/0929/2965/5157/files/64844DB0-AFD3-4238-BE25-9ED3271904FF.webp?v=1759948631,4,"",,,,,https://cdn.shopify.com/s/files/1/0929/2965/5157/files/64844DB0-AFD3-4238-BE25-9ED3271904FF.webp?v=1759948631,kg,,,
louis-vuitton-alma-bb,Louis Vuitton Alma bb,"",Mein Shop,"Apparel & Accessories > Handbags, Wallets & Cases > Handbags > Cross Body Bags","","",true,Farben,basic-braunes-logo,product.metafields.shopify.color-pattern,,,,,,,,0.0,shopify,50,deny,manual,54.99,,true,true,,https://cdn.shopify.com/s/files/1/0929/2965/5157/files/03CC2660-9E18-4DFB-94BA-8E34D89C3EE2.webp?v=1759948515,1,"",false,,,basic-braunes-logo; rosa,https://cdn.shopify.com/s/files/1/0929/2965/5157/files/85036D1E-80FE-48E3-9A14-78C23D920A58.png?v=1759949116,kg,,,active
louis-vuitton-alma-bb,,,,,,,,,rosa,,,,,,,,,0.0,shopify,49,deny,manual,54.99,,true,true,,https://cdn.shopify.com/s/files/1/0929/2965/5157/files/85036D1E-80FE-48E3-9A14-78C23D920A58.png?v=1759949116,2,"",,,,,https://cdn.shopify.com/s/files/1/0929/2965/5157/files/03CC2660-9E18-4DFB-94BA-8E34D89C3EE2.webp?v=1759948515,kg,,,
louis-vuitton-nano-speedy,Louis Vuitton Nano Speedy,"",Mein Shop,"Apparel & Accessories > Handbags, Wallets & Cases > Handbags > Cross Body Bags","","",true,Farben,basic-braunes-logo,product.metafields.shopify.color-pattern,,,,,,,,0.0,shopify,50,deny,manual,54.99,,true,true,,https://cdn.shopify.com/s/files/1/0929/2965/5157/files/6DFAACC8-F28A-45FE-8EED-F8575DEE360A.webp?v=1759948278,1,"",false,,,basic-braunes-logo; beige; denim-blaues-muster,https://cdn.shopify.com/s/files/1/0929/2965/5157/files/6DFAACC8-F28A-45FE-8EED-F8575DEE360A.webp?v=1759948278,kg,,,active
louis-vuitton-nano-speedy,,,,,,,,,beige,,,,,,,,,0.0,shopify,50,deny,manual,54.99,,true,true,,https://cdn.shopify.com/s/files/1/0929/2965/5157/files/C840BBD0-6B70-4925-806F-881ADD4CB208.png?v=1759948901,2,"",,,,,https://cdn.shopify.com/s/files/1/0929/2965/5157/files/C840BBD0-6B70-4925-806F-881ADD4CB208.png?v=1759948901,kg,,,
louis-vuitton-nano-speedy,,,,,,,,,denim-blaues-muster,,,,,,,,,0.0,shopify,50,deny,manual,54.99,,true,true,,https://cdn.shopify.com/s/files/1/0929/2965/5157/files/B31AAE51-ABDC-4C5A-A4DC-68876A3EBB0A.png?v=1759948902,3,"",,,,,https://cdn.shopify.com/s/files/1/0929/2965/5157/files/B31AAE51-ABDC-4C5A-A4DC-68876A3EBB0A.png?v=1759948902,kg,,,
dior-sattle-bag,Dior Sattle Bag,"",Mein Shop,"Apparel & Accessories > Handbags, Wallets & Cases > Handbags > Saddle Bags","","",true,Farben,braun,product.metafields.shopify.color-pattern,,,,,,,,0.0,shopify,0,deny,manual,44.95,,true,true,,https://cdn.shopify.com/s/files/1/0929/2965/5157/files/F612C540-E82A-4B88-A4DA-F43D5276076C.png?v=1759949057,1,"",false,,,braun; blau; schwarz; weiss,https://cdn.shopify.com/s/files/1/0929/2965/5157/files/BCC89BFD-F863-48F8-8B59-87C5AAAD44F6.png?v=1759949058,kg,,,active
dior-sattle-bag,,,,,,,,,blau,,,,,,,,,0.0,shopify,50,deny,manual,44.95,,true,true,,https://cdn.shopify.com/s/files/1/0929/2965/5157/files/4511AAF7-09DA-47CB-90EC-1F602EAA0BE8.png?v=1759949058,2,"",,,,,https://cdn.shopify.com/s/files/1/0929/2965/5157/files/F612C540-E82A-4B88-A4DA-F43D5276076C.png?v=1759949057,kg,,,
dior-sattle-bag,,,,,,,,,schwarz,,,,,,,,,0.0,shopify,50,deny,manual,44.95,,true,true,,https://cdn.shopify.com/s/files/1/0929/2965/5157/files/BCC89BFD-F863-48F8-8B59-87C5AAAD44F6.png?v=1759949058,3,"",,,,,https://cdn.shopify.com/s/files/1/0929/2965/5157/files/53906AEE-85A0-49C5-AF2D-6781A99C5BEF.png?v=1759949059,kg,,,
dior-sattle-bag,,,,,,,,,weiss,,,,,,,,,0.0,shopify,50,deny,manual,44.95,,true,true,,https://cdn.shopify.com/s/files/1/0929/2965/5157/files/53906AEE-85A0-49C5-AF2D-6781A99C5BEF.png?v=1759949059,4,"",,,,,https://cdn.shopify.com/s/files/1/0929/2965/5157/files/4511AAF7-09DA-47CB-90EC-1F602EAA0BE8.png?v=1759949058,kg,,,
chloe-tote-bag,Chloé Tote Bag,"",Mein Shop,"Apparel & Accessories > Handbags, Wallets & Cases > Handbags > Shopper Bags","","",true,Title,Default Title,,,,,,,,,0.0,shopify,0,deny,manual,49.99,,true,true,,https://cdn.shopify.com/s/files/1/0929/2965/5157/files/DC69DC35-251F-4CD4-B7B6-0FB458E5EA62.png?v=1759948980,1,"",false,,,beige,,kg,,,active
the-tote-bag,The Tote Bag,"",Mein Shop,Luggage & Bags > Tote Bags,"","",true,Farben,beige,product.metafields.shopify.color-pattern,,,,,,,,0.0,shopify,50,deny,manual,49.99,,true,true,,https://cdn.shopify.com/s/files/1/0929/2965/5157/files/5174AE8F-BD95-4AF7-B2FA-205471A21042.png?v=1759948954,1,"",false,,,beige; braun; grau,https://cdn.shopify.com/s/files/1/0929/2965/5157/files/135AD355-3E21-4AB6-B346-22748761DCD0.png?v=1759948955,kg,,,active
the-tote-bag,,,,,,,,,braun,,,,,,,,,0.0,shopify,50,deny,manual,49.99,,true,true,,https://cdn.shopify.com/s/files/1/0929/2965/5157/files/4ECA13B0-F56B-4998-B2BC-4EABE6CD464E.png?v=1759948955,2,"",,,,,https://cdn.shopify.com/s/files/1/0929/2965/5157/files/5174AE8F-BD95-4AF7-B2FA-205471A21042.png?v=1759948954,kg,,,
the-tote-bag,,,,,,,,,grau,,,,,,,,,0.0,shopify,50,deny,manual,49.99,,true,true,,https://cdn.shopify.com/s/files/1/0929/2965/5157/files/135AD355-3E21-4AB6-B346-22748761DCD0.png?v=1759948955,3,"",,,,,https://cdn.shopify.com/s/files/1/0929/2965/5157/files/4ECA13B0-F56B-4998-B2BC-4EABE6CD464E.png?v=1759948955,kg,,,
uhr,Uhr,"",Mein Shop,Apparel & Accessories > Jewelry > Watches,"","",true,Title,Default Title,,,,,,,,,0.0,shopify,4,deny,manual,1.00,,true,true,,https://cdn.shopify.com/s/files/1/0929/2965/5157/files/9B91DEED-0463-4B89-8E40-3ECCBE4D7F9E.png?v=1759773961,1,"",false,,,,,kg,,,active
unbenannt-6-okt-_20-05,Unbenannt 6.Okt._20:05,,Mein Shop,,"","",false,Title,Default Title,,,,,,,,,0.0,shopify,0,deny,manual,1.00,,true,true,,,,,false,,,,,kg,,,draft
